tag	file	relativeTarget	sha512
v0.14.5	src/setup.sh	../lib/tegonal-scripts/src/setup.sh	132e3a48b5029b43c38f2d3da80ce93f52876838b1ae58e19ce990cbbf73e3bff3585e4a983ebbeaa48c70e62d6f5751114e9d2452d68ad9b91386b9f92bcab8
v0.14.5	src/utility/io.sh	../lib/tegonal-scripts/src/utility/io.sh	bc2cd8f5a60ad020856287ccb3e29bc321e164cb831d25c46acd1a281841d07dcf0443e88bb4e65dfbcaa60205bc39a482714d66afd57b1540e3d37a0494ee8d
v0.14.5	src/utility/array-utils.sh	../lib/tegonal-scripts/src/utility/array-utils.sh	3f0d351daa389502b78c2c3a34f2a7f2ac5ec9e0b8e26f85c34b54b85237167f987bea9de2d69b64c613656ebd19ac0dfb1f717625d504a652661b21be73d1d4
v0.14.5	src/utility/parse-utils.sh	../lib/tegonal-scripts/src/utility/parse-utils.sh	c856ffaea9533179b22c5a3f88f00972757601bba5a493bbe0bbfbd421667195d29e0b64c104fe81788067e9a6aa050f6a79ee3bdd68c7001a5d4ca5773eb425
v0.14.5	src/utility/git-utils.sh	../lib/tegonal-scripts/src/utility/git-utils.sh	1fcb876248e587f4ce3b388125e8f9473a108ba767597294bc8f18218f2fa670b11190db69219173a543b2231391dc1940849d470c7bc964003de3dd93983a75
v0.14.5	src/utility/gpg-utils.sh	../lib/tegonal-scripts/src/utility/gpg-utils.sh	1db05bdc3acaea91bf1eb7b26ab0366556ef4bba0d2828d98eabb9f09348ce778704739cbec655af44e05a5a04b9075297f9fba526a03cd7e5e1ceb3d8699097
v0.14.5	src/utility/log.sh	../lib/tegonal-scripts/src/utility/log.sh	031c6386adb42edc8fcdea941ef5ea659e39604cd79744de965734d307d4034b9311de8dd4ae6d717085c40db881e519b480d4b46df77a45c3164dacfac61387
v0.14.5	src/utility/parse-fn-args.sh	../lib/tegonal-scripts/src/utility/parse-fn-args.sh	4214cbc751a26365ab9966ac9cd399fcd00931c1fbdf3d8ab31ca0497ac4a40fb89f71fdfe73c030f07f519f06d174ddb85aea2b21e827334c30f1dbd138b1c9
v0.14.5	src/utility/update-bash-docu.sh	../lib/tegonal-scripts/src/utility/update-bash-docu.sh	a8d76e5684d93c5a237201ba17f479528f6e532e062fc3d07422f62d85e83dc08681bc888dd67b1309695d0585fa6b4c7bd36a2ca6fbe4063f8df28934374fc6
v0.14.5	src/utility/parse-args.sh	../lib/tegonal-scripts/src/utility/parse-args.sh	08f16243405e1ab268d0bbec4c9a62d42e6387c14740b314a8469e9144e9e0c54c979f8388ad5812209a3928203ff9fb591a341469d1525017525fb018dcbd53
v0.14.5	src/utility/checks.sh	../lib/tegonal-scripts/src/utility/checks.sh	72d10d088664ddbc614ae953539f6deb9b7df45ec41b3b8903ea4a7801c5cd7769e1c3172276f58dd08850c992255257834c6c0e8077c6dc14e108f95d906dd8
v0.14.5	src/utility/parse-commands.sh	../lib/tegonal-scripts/src/utility/parse-commands.sh	6a01673706096053ce39c6c81db612e7e1304b07b3fdb2b132c275089b9136572047ba2ffa921ae3387c5b0ed59748e21680c464fc582487a289fcad20f84a05
v0.14.5	src/utility/replace-snippet.sh	../lib/tegonal-scripts/src/utility/replace-snippet.sh	0469e673ca2e042ddd8c8212337677ce6eb36810932354044a0c8299293c796ca5071f5c1da70f0d31a6cce68555586784a71a8c93816f31dc7b6db08b813c43
v0.14.5	src/utility/ask.sh	../lib/tegonal-scripts/src/utility/ask.sh	197c2875b5af3b58c4501aa432d09f16dd18b01667977c8ae7a81fa0c9575c2e8f507f9a1b3d83fb4d5c97d95b69a04c8377fc55c923072bcfcd56fc4542eb8c
v0.14.5	src/utility/replace-help-snippet.sh	../lib/tegonal-scripts/src/utility/replace-help-snippet.sh	ec6b66a5202db9f98674b0c4e51601c685273af14d09c4291c5f60dd6a76c7310f194bef9edb90a1b7ffb4f743f18c47e8eacb37e538d2f6a14a9e8ff11a2806
v0.14.5	src/utility/source-once.sh	../lib/tegonal-scripts/src/utility/source-once.sh	d6c75dbdfa90928e809380519be98b510622e90500836b483998e4c4b14516c4c89d1be87c8b9a775335ddaed61924df492d0adf61d501486067d1b14c8967e2
v0.14.5	src/utility/recursive-declare-p.sh	../lib/tegonal-scripts/src/utility/recursive-declare-p.sh	7a337ab593c1ca5f1c3de0cc9205c82045abaf4499bd931b6bd4c84bc726111936254d33a34efc657216cb3bd7a10686940b8e513da26fbfc133fbc7f722a4fc
v0.14.5	src/releasing/sneak-peek-banner.sh	../lib/tegonal-scripts/src/releasing/sneak-peek-banner.sh	81758833f97cfbce54cd445e19621645aa30557849172c7b919da26ef0f8337a649c043f0bdef50bf0e55bfc62958cd444631c8d7b2e04510d7e71b65e8a39df
v0.14.5	src/releasing/prepare-files-next-dev-cycle.sh	../lib/tegonal-scripts/src/releasing/prepare-files-next-dev-cycle.sh	07f05e71c231765083d52a313ebd855e06eb2ce60f0b7e17a5a1a01a04b8fc6b88371a4f63c38a399c9a77b726bd77a61c0027fea81f226565ca63d0c9c9cdf1
v0.14.5	src/releasing/toggle-sections.sh	../lib/tegonal-scripts/src/releasing/toggle-sections.sh	6fc35d47e2d881d0d3cc29111586f4767a9506af8ffb8d5bd5426a1383401226607620ea6d755cc85023ec09fb6dbc7888f3bb1b1fff4ee2c43a8c79bf2591cc
v0.14.5	src/releasing/update-version-README.sh	../lib/tegonal-scripts/src/releasing/update-version-README.sh	6e4a68b55f0786bfd1eb6e2273b325db9a47a229fdda44e8efca0d8e0cb76eaa8b048d7cba4c8843749ec7f9159afef5ce090426c96cb9a1904ce0267aa4e1e9
v0.14.5	src/releasing/update-version-scripts.sh	../lib/tegonal-scripts/src/releasing/update-version-scripts.sh	4428c20170b2ddc167d80b8ef38d9afcfa9189165307d429e47ec5a3e31ee53ff54c0215922989595596f63960db56e529750a6e37f51f886b7456f363ccb24f
v0.14.5	src/releasing/release-files.sh	../lib/tegonal-scripts/src/releasing/release-files.sh	6a45a026dbcad713fb085110d5abfcabc5e3be71ac179454bf4efff6a7c22bef83212422174a84e243bec0e39cb107d8d67b5ba3f5f77d04180b6476e70e0b38
v0.14.5	src/qa/run-shellcheck.sh	../lib/tegonal-scripts/src/qa/run-shellcheck.sh	2b29040153b06354f88a5a7bde33c8a27d1a9b4c146af8c320d27c0a7cd54a107c787ac3f1df5f3f2017bff4576951d36dae410349989f073694fed90454b194
